{"cameraMode":{"drawMode":0,"name":"Shaded","section":"Shading Mode"},"sceneLighting":false,"audioPlay":false,"sceneViewState":{"m_AlwaysRefresh":false,"showFog":true,"showSkybox":false,"showFlares":true,"showImageEffects":true,"showParticleSystems":true,"showVisualEffectGraphs":true,"m_FxEnabled":true},"in2DMode":false,"pivot":{"x":6.671024799346924,"y":-0.8374242782592773,"z":13.231202125549317},"rotation":{"x":-0.6058282852172852,"y":-0.002707424573600292,"z":0.002061697654426098,"w":-0.795590341091156},"size":31.407745361328126,"orthographic":false}