{"cameraMode":{"drawMode":0,"name":"Shaded","section":"Shading Mode"},"sceneLighting":false,"audioPlay":false,"sceneViewState":{"m_AlwaysRefresh":false,"showFog":true,"showSkybox":false,"showFlares":true,"showImageEffects":true,"showParticleSystems":true,"showVisualEffectGraphs":true,"m_FxEnabled":true},"in2DMode":false,"pivot":{"x":-1.310806393623352,"y":2.6531317234039308,"z":-11.288247108459473},"rotation":{"x":-0.1388431340456009,"y":-0.015253257006406784,"z":0.002138658659532666,"w":-0.9901971817016602},"size":0.8660253882408142,"orthographic":false}